Currency,2019-12-23,2019-12-24,2019-12-27,2019-12-30,2019-12-31,2020-01-02,2020-01-03,2020-01-06,2020-01-07,2020-01-08,2020-01-09,2020-01-10,2020-01-13,2020-01-14,2020-01-15,2020-01-16,2020-01-17,2020-01-20,2020-01-21,2020-01-22,2020-01-23,2020-01-24,2020-01-27,2020-01-28,2020-01-29,2020-01-30,2020-01-31,2020-02-03,2020-02-04,2020-02-05,2020-02-06,2020-02-07,2020-02-10,2020-02-11,2020-02-12,2020-02-13,2020-02-14,2020-02-17,2020-02-18,2020-02-19,2020-02-20,2020-02-21,2020-02-24,2020-02-25,2020-02-26,2020-02-27,2020-02-28,2020-03-02,2020-03-03,2020-03-04,2020-03-05,2020-03-06,2020-03-09,2020-03-10,2020-03-11,2020-03-12,2020-03-13,2020-03-16,2020-03-17,2020-03-18,2020-03-19,2020-03-20,2020-03-23,2020-03-24,2020-03-25,2020-03-26,2020-03-27,2020-03-30,2020-03-31,2020-04-01,2020-04-02,2020-04-03,2020-04-06,2020-04-07,2020-04-08,2020-04-09,2020-04-14,2020-04-15,2020-04-16,2020-04-17,2020-04-20,2020-04-21,2020-04-22,2020-04-23,2020-04-24,2020-04-27,2020-04-28,2020-04-29,2020-04-30,2020-05-04,2020-05-05,2020-05-06,2020-05-07,2020-05-08,2020-05-11,2020-05-12,2020-05-13,2020-05-14,2020-05-15,2020-05-18,2020-05-19,2020-05-20,2020-05-21,2020-05-22,2020-05-25,2020-05-26,2020-05-27,2020-05-28,2020-05-29,2020-06-01,2020-06-02,2020-06-03,2020-06-04,2020-06-05,2020-06-08,2020-06-09,2020-06-10,2020-06-11,2020-06-12,2020-06-15,2020-06-16,2020-06-17,2020-06-18,2020-06-19,2020-06-22
CAD,1.4577,1.4582,1.4592,1.4621,1.4598,1.4549,1.4471,1.4525,1.452,1.447,1.4505,1.4498,1.4514,1.4528,1.4565,1.4559,1.4498,1.4487,1.4512,1.4465,1.4599,1.4491,1.4539,1.4516,1.4496,1.4577,1.4627,1.4647,1.4671,1.4644,1.461,1.4604,1.458,1.4495,1.4468,1.4406,1.4363,1.4334,1.4345,1.4281,1.4304,1.432,1.4372,1.4403,1.4469,1.4636,1.4757,1.4857,1.4857,1.4862,1.5021,1.5213,1.5613,1.5579,1.5579,1.5524,1.5389,1.5539,1.5512,1.5749,1.5623,1.5257,1.551,1.5716,1.5539,1.5466,1.5521,1.5626,1.5617,1.5601,1.5451,1.5299,1.528,1.5259,1.5233,1.5265,1.5257,1.533,1.5359,1.528,1.5325,1.5393,1.5375,1.5226,1.5173,1.5255,1.5179,1.5129,1.5077,1.539,1.5201,1.5225,1.5177,1.5118,1.5136,1.5178,1.5243,1.5224,1.5231,1.5202,1.5251,1.5211,1.531,1.5273,1.5261,1.5184,1.5126,1.5155,1.528,1.5228,1.5106,1.5173,1.5203,1.5237,1.5126,1.5187,1.5228,1.5321,1.5347,1.5342,1.532,1.5204,1.5218,1.5209,1.521
HKD,8.6232,8.629,8.6845,8.7133,8.7473,8.7203,8.6713,8.6978,8.6836,8.6424,8.6317,8.6137,8.6504,8.6447,8.6591,8.6812,8.6292,8.6112,8.6362,8.617,8.6201,8.577,8.5745,8.5578,8.5503,8.5678,8.5843,8.5935,8.5805,8.5572,8.542,8.5168,8.5039,8.4658,8.4788,8.4398,8.4214,8.416,8.4024,8.3925,8.396,8.4117,8.4324,8.4445,8.4742,8.5456,8.555,8.6525,8.6471,8.6437,8.6936,8.8089,8.9041,8.8496,8.8071,8.7466,8.6255,8.6682,8.5274,8.4917,8.3849,8.3056,8.3631,8.4088,8.3941,8.5136,8.5095,8.5559,8.4945,8.4781,8.4545,8.3625,8.3651,8.4381,8.4277,8.4259,8.4975,8.4513,8.4391,8.4171,8.4168,8.3987,8.422,8.3489,8.3706,8.4104,8.4301,8.4029,8.43,8.4838,8.4057,8.3763,8.358,8.4052,8.3893,8.4154,8.4286,8.3647,8.3693,8.3964,8.487,8.4926,8.5298,8.4571,8.4599,8.5078,8.5204,8.5407,8.6347,8.6165,8.6609,8.6757,8.7189,8.7809,8.746,8.753,8.8157,8.795,8.7607,8.7211,8.7634,8.7049,8.6972,8.6889,8.6902
ISK,135.4,135.6,135.6,135.8,135.8,136.9,136.9,137.3,137.3,137.1,137.7,136.6,137.2,137.2,136.6,137.0,137.4,137.6,137.8,137.8,137.8,137.4,137.4,137.2,135.9,135.9,136.3,137.3,137.9,138.1,138.1,137.9,137.9,137.9,137.9,137.7,137.5,137.7,137.7,138.1,138.1,138.3,139.3,139.3,139.3,139.3,139.3,141.7,142.9,142.2,142.2,143.0,145.0,145.3,145.7,148.64,150.0,151.2,154.4,152.7,152.2,150.7,151.5,151.7,151.9,153.5,154.0,154.3,155.6,156.1,155.3,155.7,155.5,155.3,155.8,155.9,155.9,156.1,156.5,156.5,156.9,157.8,158.6,158.6,158.6,158.8,159.5,159.5,159.3,159.5,159.3,159.3,159.1,158.5,158.7,158.7,158.3,158.3,157.5,157.1,156.5,156.5,156.3,156.3,155.3,154.1,151.2,150.8,150.8,151.0,151.0,151.0,148.5,148.9,149.5,149.7,150.7,151.7,152.1,151.7,152.81,152.4,153.5,154.6,155.1
PHP,56.471,56.331,56.574,56.784,56.9,56.825,56.983,57.247,56.832,56.42,56.25,55.998,56.147,56.242,56.521,56.776,56.548,56.489,56.689,56.499,56.514,56.092,56.084,55.878,55.929,56.246,56.382,56.293,56.102,55.961,55.817,55.816,55.657,55.061,55.189,54.863,54.806,54.787,54.799,54.616,54.725,54.955,55.248,55.36,55.538,55.767,56.027,56.511,56.467,56.288,56.785,57.542,58.013,57.537,57.383,57.645,56.453,57.625,56.563,56.441,55.593,54.895,55.425,55.375,55.25,55.981,56.125,56.196,55.865,55.709,55.485,54.805,54.667,54.915,54.977,54.939,55.453,55.311,55.414,55.295,55.126,55.096,55.096,54.571,54.891,54.987,55.032,54.763,54.772,55.379,54.863,54.62,54.497,54.681,54.527,54.388,54.545,54.591,54.778,55.102,55.567,55.447,55.649,55.349,55.382,55.358,55.668,55.792,56.231,55.947,56.071,55.923,56.109,56.457,56.301,56.521,56.767,56.889,56.763,56.653,56.664,56.273,56.302,56.133,56.2
DKK,7.4719,7.4712,7.4704,7.4697,7.4715,7.4719,7.4731,7.4732,7.4731,7.4731,7.4731,7.4731,7.4732,7.4731,7.4727,7.4729,7.4729,7.4726,7.4725,7.4729,7.4732,7.473,7.4728,7.4728,7.4728,7.4729,7.4731,7.4729,7.4729,7.4728,7.4725,7.4724,7.4724,7.4721,7.4718,7.4721,7.4713,7.4701,7.4702,7.4693,7.4681,7.4702,7.4699,7.4701,7.471,7.4725,7.4723,7.473,7.473,7.4727,7.4712,7.4697,7.4695,7.4714,7.4726,7.4727,7.4732,7.4731,7.4732,7.4732,7.4731,7.4691,7.4706,7.4669,7.4682,7.4659,7.4606,7.4667,7.4674,7.4642,7.4661,7.4689,7.466,7.4675,7.464,7.4657,7.4623,7.4637,7.4619,7.4603,7.4584,7.4582,7.4589,7.4577,7.4577,7.4591,7.457,7.4571,7.4584,7.4622,7.4612,7.4618,7.4605,7.4598,7.4595,7.4577,7.4556,7.4573,7.4576,7.4548,7.4562,7.4565,7.4563,7.4578,7.4568,7.4558,7.4583,7.4544,7.4542,7.4549,7.4541,7.4547,7.4557,7.4564,7.4555,7.4568,7.4553,7.4549,7.4551,7.4559,7.4561,7.456,7.4556,7.4554,7.4543
HUF,331.24,331.76,330.83,331.04,330.53,329.98,330.53,329.66,331.28,331.08,332.51,333.85,334.29,332.77,332.94,333.84,335.59,336.39,335.32,335.61,337.19,336.01,337.53,337.18,337.39,338.36,337.05,337.7,336.32,335.76,336.76,338.15,337.37,337.93,339.49,337.12,335.67,334.64,334.83,336.33,338.0,337.1,337.61,337.41,339.28,338.37,337.57,336.92,336.68,334.96,335.7,335.48,336.25,336.2,335.46,338.37,338.88,344.97,347.04,351.38,356.06,350.91,352.33,353.07,354.97,354.99,355.65,358.72,360.02,369.36,363.73,365.15,365.24,357.62,359.34,354.76,350.7,350.3,349.56,351.81,354.57,355.02,355.11,357.51,355.19,354.57,355.94,355.55,352.72,353.27,350.27,349.59,349.36,349.38,349.84,350.75,353.58,354.66,354.7,353.39,350.35,350.61,348.59,349.4,350.72,349.6,348.7,349.74,348.73,345.45,345.67,345.89,344.9,344.62,344.16,345.0,343.13,344.85,346.0,347.06,345.5,344.5,345.94,345.44,346.6
CZK,25.499,25.485,25.509,25.463,25.408,25.411,25.36,25.301,25.276,25.265,25.253,25.265,25.23,25.155,25.144,25.17,25.147,25.125,25.066,25.136,25.159,25.16,25.231,25.221,25.208,25.25,25.21,25.177,25.143,25.055,24.893,25.03,25.026,24.965,24.878,24.835,24.828,24.793,24.898,24.962,25.037,25.061,25.186,25.226,25.344,25.283,25.39,25.525,25.475,25.34,25.346,25.458,25.504,25.725,25.77,26.203,26.042,26.96,26.985,27.154,27.606,27.191,27.635,27.808,27.446,27.55,27.299,27.315,27.312,27.369,27.553,27.539,27.603,27.215,27.183,26.909,26.864,26.991,27.053,27.163,27.328,27.447,27.534,27.551,27.31,27.184,27.227,27.125,27.097,27.119,26.978,26.987,27.158,27.251,27.6,27.423,27.408,27.571,27.589,27.61,27.49,27.43,27.212,27.21,27.275,27.073,27.051,27.017,26.921,26.859,26.645,26.66,26.623,26.589,26.585,26.634,26.609,26.679,26.698,26.683,26.564,26.561,26.689,26.683,26.681
AUD,1.6008,1.6019,1.5996,1.5992,1.5995,1.6006,1.6031,1.6119,1.6251,1.6195,1.6193,1.6132,1.6117,1.611,1.6188,1.6115,1.6122,1.6154,1.6177,1.6184,1.6149,1.6127,1.6291,1.629,1.6299,1.6412,1.6494,1.6521,1.6439,1.6299,1.6282,1.6417,1.6373,1.626,1.6175,1.6138,1.6151,1.6129,1.6195,1.6142,1.6294,1.6363,1.6384,1.6442,1.6565,1.6672,1.6875,1.6998,1.6911,1.6794,1.6917,1.7103,1.733,1.7377,1.7389,1.7674,1.7684,1.8198,1.8287,1.8568,1.8635,1.8226,1.8586,1.8315,1.7993,1.8162,1.8209,1.8021,1.7967,1.8053,1.797,1.8004,1.779,1.7578,1.7596,1.7444,1.7139,1.7299,1.7266,1.7088,1.7085,1.7266,1.7199,1.6918,1.6943,1.6795,1.6734,1.6655,1.6598,1.7022,1.6825,1.7046,1.6704,1.6613,1.6709,1.6625,1.6687,1.6805,1.6805,1.6736,1.6751,1.6653,1.671,1.6694,1.6678,1.6539,1.6565,1.6624,1.6681,1.6488,1.631,1.628,1.6276,1.6227,1.6156,1.6267,1.622,1.6421,1.6447,1.6476,1.6324,1.6292,1.6356,1.6261,1.6292
RON,4.7733,4.779,4.7818,4.7821,4.783,4.7828,4.7784,4.7743,4.7778,4.7774,4.7785,4.7796,4.7784,4.7795,4.7803,4.779,4.7803,4.7794,4.7785,4.7784,4.7788,4.7799,4.7808,4.7784,4.777,4.777,4.7789,4.7788,4.7763,4.7734,4.7655,4.7613,4.7663,4.7693,4.7663,4.7645,4.7684,4.7768,4.7823,4.7792,4.7979,4.804,4.8063,4.8098,4.805,4.81,4.813,4.8106,4.8087,4.8073,4.811,4.811,4.8175,4.8178,4.8213,4.8213,4.8213,4.8343,4.8418,4.845,4.8445,4.8505,4.8481,4.8357,4.8446,4.8335,4.8375,4.8278,4.8283,4.834,4.832,4.8307,4.8335,4.8315,4.8365,4.833,4.8343,4.8378,4.8373,4.8356,4.8377,4.8373,4.8391,4.8425,4.8419,4.837,4.8445,4.8435,4.8431,4.8368,4.826,4.8233,4.8235,4.828,4.8303,4.8301,4.8353,4.8375,4.84,4.8388,4.8428,4.842,4.8423,4.8435,4.842,4.844,4.8433,4.8435,4.8493,4.8437,4.8423,4.8393,4.8373,4.8382,4.8359,4.8365,4.8349,4.8345,4.8343,4.8335,4.8359,4.8355,4.8393,4.8428,4.8422
SEK,10.4473,10.4553,10.4363,10.44,10.4468,10.4728,10.4858,10.5308,10.5423,10.5108,10.533,10.551,10.5598,10.5248,10.559,10.5678,10.545,10.5548,10.5523,10.5528,10.5473,10.5363,10.5795,10.5993,10.5753,10.6398,10.6768,10.6808,10.6278,10.545,10.555,10.5455,10.5728,10.5373,10.4965,10.4823,10.5085,10.5323,10.5498,10.5743,10.5985,10.569,10.5833,10.5688,10.5813,10.5753,10.6738,10.6063,10.559,10.5555,10.5915,10.6145,10.7203,10.8015,10.7238,10.8945,10.8453,10.8998,10.9593,11.0223,11.1523,11.0598,11.0715,11.0888,10.9638,11.007,11.0158,11.0375,11.0613,10.9368,10.9265,10.952,10.9788,10.8788,10.9385,10.9455,10.9158,10.9323,10.8895,10.8548,10.8623,10.9543,10.9423,10.8883,10.8723,10.8748,10.748,10.7338,10.6639,10.8113,10.698,10.6278,10.62,10.5875,10.5998,10.5968,10.5843,10.6418,10.6695,10.6103,10.5685,10.5568,10.53,10.5373,10.549,10.5563,10.5608,10.548,10.487,10.4635,10.452,10.4588,10.4172,10.425,10.3978,10.4188,10.4605,10.5018,10.5103,10.5393,10.5136,10.5123,10.5525,10.567,10.5525
IDR,15489.5,15495.4,15573.91,15565.65,15595.6,15540.92,15536.69,15604.44,15501.15,15441.51,15387.35,15263.99,15243.73,15219.55,15262.3,15223.35,15184.91,15118.3,15197.89,15137.71,15141.43,15002.91,14999.51,15008.07,14991.61,15094.84,15091.51,15207.45,15146.81,15036.47,15000.81,15063.25,15037.15,14919.11,14912.89,14892.14,14870.88,14792.48,14780.06,14783.04,14790.39,14867.58,15098.95,15094.7,15221.86,15387.97,15749.25,15909.41,15877.0,15702.94,15851.98,16558.49,16488.05,16282.0,16269.99,16434.0,16400.61,16756.2,16681.66,16892.54,17187.09,17050.9,17872.82,17701.2,17447.71,17686.0,17716.88,18088.04,17869.24,18239.61,18166.12,17918.68,17710.73,17562.95,17636.02,17243.21,17229.09,17201.21,17089.8,16925.99,16871.01,17001.63,16935.13,16772.0,16875.0,16695.8,16714.69,16611.03,16178.05,16522.42,16372.93,16259.13,16223.02,16229.26,16202.32,16073.64,16092.26,16134.8,16127.82,16077.45,16177.5,16127.44,16205.75,16249.14,16048.61,16193.61,16167.76,16210.04,16269.7,16240.48,16107.32,15885.35,15856.88,15882.4,15815.42,15917.2,16022.03,15904.22,16058.24,16039.58,15978.26,15948.04,15806.19,15927.67,15988.62
INR,78.9455,78.9525,79.637,79.812,80.187,79.9065,80.0085,80.5175,80.265,79.709,79.162,78.6915,78.8225,78.7285,78.8825,79.221,78.9567,78.784,79.1345,78.8665,79.0965,78.67,78.7425,78.4545,78.417,79.011,78.9055,79.0035,78.712,78.433,78.2845,78.3625,78.107,77.6945,77.8345,77.4495,77.466,77.342,77.39,77.2345,77.2745,77.754,77.8265,77.724,77.9195,78.538,79.285,80.917,81.429,81.5025,82.153,83.586,84.96,84.11,83.5215,83.468,81.8765,82.8075,81.567,81.1355,81.14,80.465,82.1255,82.358,82.699,82.5345,82.8695,83.5,82.8985,83.6004,83.326,82.216,82.106,82.252,82.873,82.9275,83.494,83.414,83.705,83.0565,83.1435,83.376,83.1685,81.94,82.366,82.6195,82.522,82.0215,81.6108,82.787,82.1435,81.9815,81.7685,81.9615,82.096,81.593,81.8825,81.592,81.9885,82.1435,82.8535,82.8635,83.0545,82.7265,82.7925,82.927,83.245,83.4635,84.1025,83.938,84.039,84.5055,84.932,85.63,85.241,85.3085,85.903,86.057,85.7875,85.5275,86.048,85.5505,85.673,85.352,85.2585
BRL,4.522,4.5246,4.5157,4.5128,4.5157,4.487,4.5271,4.5461,4.5625,4.5092,4.5194,4.5188,4.5832,4.6056,4.635,4.6519,4.639,4.636,4.6661,4.6486,4.6253,4.6084,4.6467,4.6196,4.6089,4.6836,4.7157,4.717,4.6704,4.6614,4.6553,4.7078,4.721,4.6995,4.7286,4.7182,4.6927,4.6739,4.7009,4.7184,4.7341,4.755,4.7474,4.7569,4.7741,4.8975,4.9232,4.9938,5.0032,5.0146,5.148,5.2748,5.4418,5.3243,5.2874,5.5081,5.2042,5.5381,5.528,5.6133,5.6037,5.3937,5.4652,5.5116,5.4937,5.4806,5.5905,5.6511,5.7001,5.7349,5.7023,5.6893,5.7056,5.6678,5.6741,5.5956,5.6585,5.7116,5.699,5.6798,5.7463,5.7619,5.7866,5.8666,6.0128,6.0328,6.1004,5.9318,5.8565,6.0781,5.9576,6.0896,6.2271,6.3074,6.2691,6.2708,6.3606,6.3925,6.3172,6.2701,6.2357,6.2656,6.2532,6.0857,6.0243,5.9114,5.8679,5.8495,5.9654,5.9276,5.9499,5.7993,5.6989,5.7329,5.5702,5.4944,5.5213,5.6471,5.7388,5.8049,5.7647,5.8521,5.9738,6.0029,5.9248
RUB,69.0297,68.7932,69.2013,69.2781,69.9563,69.1893,69.119,69.4047,69.2576,68.6389,68.0757,68.041,68.0893,68.2418,68.4386,68.8102,68.2495,68.2075,68.73,68.6934,68.6301,68.1692,69.0442,68.9032,68.9755,69.6719,70.3375,70.5988,69.8725,69.032,69.4575,70.0203,70.112,69.3198,68.753,69.0209,68.9116,68.7554,68.9685,68.6245,68.806,69.548,70.6675,70.7943,71.2368,72.1052,73.6096,74.56,74.005,73.218,74.307,77.5058,85.1553,81.5975,81.3785,84.0284,80.7385,83.5905,82.346,87.0959,86.9346,85.1038,86.08,85.1561,84.8015,85.31,86.3819,88.1385,85.9486,86.475,85.8405,82.8075,82.481,82.5675,82.1046,80.69,80.3923,81.2045,80.621,80.365,80.9728,83.2936,83.1961,80.6062,80.3991,80.4926,80.6862,79.821,79.892,82.3404,80.4713,80.7789,79.5801,79.8383,79.6981,79.4157,79.5893,80.0145,79.6208,78.908,79.3839,78.6001,77.9883,77.9139,78.2874,77.7494,78.1096,77.9343,78.4416,77.4378,76.8001,77.0055,77.8132,77.8155,77.0563,77.7388,78.1468,78.4949,78.7662,78.8516,78.439,78.1853,78.2063,77.6565,77.8799
HRK,7.446,7.4455,7.4475,7.4485,7.4395,7.4445,7.4463,7.445,7.4478,7.449,7.446,7.4445,7.4445,7.445,7.4443,7.4418,7.4378,7.4358,7.4375,7.4375,7.4438,7.4415,7.4415,7.441,7.442,7.4423,7.444,7.4465,7.4518,7.4568,7.4563,7.455,7.455,7.459,7.4575,7.4513,7.449,7.4465,7.444,7.4453,7.4495,7.449,7.465,7.4567,7.4605,7.4625,7.4695,7.4835,7.4853,7.4848,7.4905,7.5035,7.55,7.5425,7.5745,7.6,7.563,7.5785,7.5823,7.5935,7.608,7.6098,7.606,7.6118,7.6083,7.6115,7.614,7.6265,7.6255,7.6285,7.6305,7.63,7.6255,7.632,7.6235,7.6175,7.613,7.61,7.601,7.5715,7.5503,7.57,7.57,7.575,7.5523,7.5525,7.56,7.564,7.579,7.582,7.5735,7.569,7.5665,7.5573,7.565,7.5653,7.5705,7.573,7.5693,7.558,7.5713,7.577,7.5805,7.5845,7.5845,7.584,7.5893,7.59,7.587,7.5895,7.5848,7.572,7.5725,7.5715,7.565,7.5719,7.569,7.5675,7.566,7.557,7.5475,7.546,7.5463,7.5665,7.5926
JPY,121.18,121.19,122.23,122.19,121.94,121.75,120.54,121.02,121.15,120.86,121.54,121.6,122.25,122.32,122.43,122.8,122.31,122.14,122.31,121.93,121.5,120.96,120.11,120.02,120.06,120.03,120.35,120.1,120.52,120.94,120.87,120.51,120.18,119.73,120.03,119.21,119.11,119.05,118.7,119.35,120.86,120.96,120.52,119.92,120.13,120.46,119.36,119.82,119.77,119.58,119.63,119.08,117.12,118.65,118.55,116.84,119.11,117.76,117.5,117.78,118.63,118.37,119.11,119.99,120.67,120.18,119.36,119.34,118.9,117.55,117.06,117.1,117.54,118.55,118.36,118.33,117.66,117.12,117.12,116.86,117.11,116.39,117.01,115.75,116.22,116.22,116.06,115.52,115.87,116.84,115.71,114.65,114.91,115.34,116.16,116.56,116.28,115.48,115.53,116.31,118.0,117.95,118.42,117.26,117.47,117.92,118.58,118.68,119.29,119.75,120.83,121.54,122.48,123.77,123.41,122.14,122.16,121.52,121.26,120.83,121.39,120.65,120.0,119.77,119.89
THB,33.408,33.412,33.632,33.472,33.415,33.741,33.614,33.744,33.823,33.74,33.647,33.534,33.62,33.624,33.693,33.915,33.746,33.647,33.79,33.685,33.883,33.723,33.869,33.945,34.07,34.405,34.46,34.349,34.194,34.133,34.197,34.333,34.277,34.082,33.948,33.839,33.848,33.778,33.773,33.696,33.924,34.164,34.336,34.39,34.664,34.701,34.632,34.968,35.063,34.866,35.295,35.64,36.081,35.809,35.584,35.586,35.244,35.937,35.461,35.448,35.076,34.851,35.438,35.533,35.491,35.836,35.769,36.081,35.925,36.111,35.961,35.601,35.459,35.665,35.613,35.665,35.86,35.631,35.56,35.328,35.284,35.269,35.176,34.815,35.03,35.236,35.28,35.15,35.216,35.397,35.126,35.004,34.969,34.958,34.837,34.854,34.844,34.675,34.656,34.684,34.947,34.868,34.991,34.778,34.89,34.988,35.056,35.108,35.424,35.204,35.271,35.339,35.539,35.65,35.474,35.418,35.422,35.122,34.986,35.008,35.18,35.055,34.928,34.765,34.76
CHF,1.087,1.0878,1.089,1.0871,1.0854,1.0865,1.084,1.085,1.085,1.0792,1.0808,1.0822,1.0811,1.0767,1.0751,1.0739,1.0736,1.0737,1.0743,1.0757,1.0734,1.0712,1.0689,1.0703,1.0729,1.069,1.0694,1.0672,1.0702,1.0717,1.0715,1.0705,1.07,1.0667,1.0645,1.0633,1.0641,1.0641,1.0619,1.0621,1.0616,1.061,1.06,1.0605,1.0606,1.0627,1.0614,1.0655,1.0646,1.0647,1.0663,1.0589,1.0594,1.0594,1.0591,1.0549,1.0608,1.0546,1.0561,1.0546,1.0535,1.0546,1.059,1.0572,1.0602,1.0634,1.0581,1.0571,1.0585,1.0564,1.0551,1.0547,1.056,1.0582,1.0557,1.0558,1.0543,1.0534,1.0516,1.0515,1.0518,1.0517,1.0523,1.0511,1.0525,1.0557,1.0586,1.0571,1.0558,1.0548,1.0525,1.053,1.053,1.0529,1.0519,1.052,1.0528,1.0512,1.0513,1.0521,1.0633,1.0584,1.0628,1.0591,1.0597,1.06,1.0675,1.0683,1.072,1.0686,1.0741,1.0793,1.0786,1.0866,1.0861,1.077,1.0762,1.0697,1.0697,1.0679,1.0717,1.0669,1.0667,1.0656,1.0654
SGD,1.5018,1.5017,1.5083,1.5088,1.5111,1.5084,1.5047,1.511,1.5081,1.5014,1.5018,1.4969,1.4989,1.4981,1.5011,1.5025,1.496,1.4943,1.4994,1.4954,1.4971,1.491,1.4965,1.4949,1.4971,1.503,1.5092,1.5138,1.5139,1.5202,1.5233,1.5255,1.5209,1.5127,1.5122,1.5096,1.509,1.5047,1.5058,1.5033,1.5111,1.5131,1.5164,1.5166,1.5204,1.5294,1.5317,1.5449,1.5479,1.54,1.5495,1.563,1.5841,1.5817,1.5741,1.5779,1.5684,1.5868,1.5691,1.576,1.5643,1.5515,1.5745,1.5692,1.5651,1.5759,1.5762,1.5732,1.5633,1.5689,1.5617,1.5489,1.548,1.5501,1.5517,1.5479,1.5521,1.5533,1.5539,1.5447,1.5455,1.551,1.5508,1.5331,1.5396,1.5391,1.5407,1.5344,1.5324,1.5495,1.5359,1.5335,1.5303,1.5326,1.5335,1.5357,1.538,1.5374,1.5397,1.5426,1.5513,1.5503,1.5561,1.5521,1.5545,1.556,1.5588,1.5621,1.5712,1.5669,1.5668,1.5656,1.5758,1.5775,1.57,1.5708,1.5746,1.5758,1.5718,1.5692,1.5713,1.565,1.5642,1.5623,1.5639
PLN,4.2609,4.2598,4.2671,4.2567,4.2568,4.2544,4.2493,4.2415,4.2457,4.2429,4.2422,4.2462,4.2348,4.2219,4.2265,4.2324,4.2367,4.2433,4.2438,4.2378,4.2439,4.2565,4.2715,4.2731,4.2837,4.2873,4.3009,4.2968,4.2753,4.2491,4.2451,4.2653,4.2656,4.2569,4.2554,4.2513,4.249,4.262,4.2746,4.2712,4.2825,4.2835,4.2989,4.3012,4.3094,4.3124,4.3259,4.3276,4.3166,4.2968,4.3029,4.3042,4.3132,4.326,4.318,4.3599,4.357,4.407,4.4628,4.501,4.5604,4.5315,4.6056,4.6146,4.5817,4.5748,4.5306,4.5509,4.5506,4.5815,4.5697,4.5765,4.5643,4.5356,4.5442,4.5586,4.5473,4.5381,4.5288,4.5185,4.5272,4.5291,4.5349,4.5379,4.5284,4.5287,4.5468,4.5442,4.5336,4.5668,4.5316,4.5394,4.5467,4.5482,4.5591,4.5449,4.5636,4.5666,4.565,4.5596,4.551,4.5441,4.5298,4.5209,4.5031,4.4506,4.4372,4.4242,4.4495,4.4278,4.3993,4.4135,4.4372,4.4425,4.4333,4.4464,4.4524,4.4729,4.4484,4.4352,4.4272,4.4467,4.4647,4.4516,4.4493
BGN,1.9558,1.9558,1.9558,1.9558,1.9558,1.9558,1.9558,1.9558,1.9558,1.9558,1.9558,1.9558,1.9558,1.9558,1.9558,1.9558,1.9558,1.9558,1.9558,1.9558,1.9558,1.9558,1.9558,1.9558,1.9558,1.9558,1.9558,1.9558,1.9558,1.9558,1.9558,1.9558,1.9558,1.9558,1.9558,1.9558,1.9558,1.9558,1.9558,1.9558,1.9558,1.9558,1.9558,1.9558,1.9558,1.9558,1.9558,1.9558,1.9558,1.9558,1.9558,1.9558,1.9558,1.9558,1.9558,1.9558,1.9558,1.9558,1.9558,1.9558,1.9558,1.9558,1.9558,1.9558,1.9558,1.9558,1.9558,1.9558,1.9558,1.9558,1.9558,1.9558,1.9558,1.9558,1.9558,1.9558,1.9558,1.9558,1.9558,1.9558,1.9558,1.9558,1.9558,1.9558,1.9558,1.9558,1.9558,1.9558,1.9558,1.9558,1.9558,1.9558,1.9558,1.9558,1.9558,1.9558,1.9558,1.9558,1.9558,1.9558,1.9558,1.9558,1.9558,1.9558,1.9558,1.9558,1.9558,1.9558,1.9558,1.9558,1.9558,1.9558,1.9558,1.9558,1.9558,1.9558,1.9558,1.9558,1.9558,1.9558,1.9558,1.9558,1.9558,1.9558,1.9558
TRY,6.5834,6.5994,6.6449,6.6567,6.6843,6.6699,6.6587,6.69,6.676,6.6158,6.5331,6.5198,6.5219,6.5448,6.558,6.5363,6.5323,6.5604,6.5938,6.5673,6.5771,6.5539,6.5566,6.5475,6.5559,6.597,6.6117,6.6221,6.6073,6.5975,6.5886,6.5688,6.5897,6.5775,6.5923,6.5843,6.5735,6.5542,6.5643,6.5606,6.5806,6.6131,6.6599,6.6688,6.6981,6.7538,6.8348,6.9253,6.8626,6.7828,6.8038,6.9209,7.0002,6.9884,7.0236,7.0361,6.985,7.1568,7.1286,7.0491,7.0625,6.9806,7.1016,7.011,6.9672,7.0407,7.0935,7.2475,7.2063,7.2925,7.2665,7.2296,7.3136,7.3562,7.3798,7.3233,7.4472,7.5093,7.5506,7.4981,7.522,7.5658,7.6008,7.4788,7.5365,7.5775,7.6115,7.5767,7.5979,7.6932,7.6866,7.7178,7.7792,7.7252,7.6596,7.5979,7.5861,7.5159,7.4689,7.4276,7.4448,7.4419,7.4781,7.4227,7.4352,7.4014,7.4542,7.5072,7.6101,7.5743,7.5698,7.5703,7.5868,7.6747,7.6574,7.6859,7.7145,7.7391,7.7224,7.6967,7.7442,7.7012,7.6968,7.6887,7.6829
CNY,7.7652,7.7643,7.8025,7.8175,7.8205,7.7946,7.7712,7.8049,7.7562,7.7184,7.7011,7.6773,7.6697,7.6536,7.6746,7.6837,7.6186,7.6112,7.6732,7.653,7.6897,7.6509,7.6477,7.6338,7.631,7.6504,7.6664,7.7681,7.7298,7.6858,7.6676,7.6711,7.6471,7.6025,7.6073,7.589,7.5757,7.5645,7.5732,7.5538,7.5787,7.5945,7.6102,7.6045,7.6329,7.6813,7.6662,7.7469,7.7572,7.7014,7.7579,7.8511,7.96,7.924,7.8801,7.8877,7.7587,7.8351,7.7095,7.6925,7.6849,7.5919,7.6385,7.6549,7.6844,7.7675,7.7894,7.8337,7.7784,7.7653,7.7387,7.6476,7.6519,7.6802,7.6818,7.6709,7.7366,7.6998,7.6991,7.6821,7.6819,7.6888,7.6964,7.6259,7.6455,7.686,7.6977,7.6723,7.6665,7.7275,7.6575,7.6707,7.6427,7.6719,7.6783,7.6933,7.7102,7.6655,7.6759,7.7068,7.7816,7.7806,7.8153,7.7797,7.7856,7.8269,7.8682,7.8804,7.9456,7.9327,7.9413,7.9599,8.0066,8.0349,7.9836,8.0025,8.0305,8.025,7.999,7.984,8.0041,7.9602,7.9545,7.9332,7.9348
NOK,9.913,9.9118,9.8578,9.846,9.8638,9.8408,9.8315,9.8488,9.8548,9.8508,9.8665,9.8745,9.8955,9.892,9.882,9.9058,9.889,9.8815,9.936,9.959,9.9678,9.9375,10.0363,10.0758,10.0563,10.1738,10.1893,10.259,10.1948,10.1173,10.1288,10.1673,10.1188,10.0953,10.0445,10.0415,10.0258,10.0373,10.0883,10.0178,10.0455,10.0873,10.1328,10.16,10.2113,10.2918,10.3888,10.4043,10.3328,10.3051,10.371,10.4983,10.89,10.8433,10.8558,11.3682,11.0966,11.4765,11.5063,11.701,12.3165,12.1215,12.2568,11.9745,11.7745,11.5273,11.6558,11.6888,11.51,11.2685,11.2345,11.2628,11.3875,11.0945,11.194,11.2143,11.3118,11.4503,11.4145,11.2845,11.2698,11.4843,11.6775,11.5165,11.4785,11.4513,11.2783,11.2728,11.184,11.328,11.173,11.09,11.0405,11.0695,11.046,11.0518,10.938,11.0598,11.0568,10.9663,10.9153,10.8765,10.903,10.9078,10.9358,10.8943,10.8283,10.8553,10.788,10.789,10.6798,10.6777,10.6048,10.5403,10.4603,10.5418,10.5383,10.72,10.8475,10.8894,10.7389,10.705,10.7083,10.7135,10.7985
NZD,1.6732,1.6716,1.6655,1.6638,1.6653,1.6718,1.6718,1.6788,1.6833,1.6739,1.6796,1.6769,1.6769,1.6803,1.6905,1.6769,1.6782,1.6796,1.6811,1.6782,1.6797,1.6684,1.6814,1.6844,1.6868,1.6973,1.7083,1.7106,1.7102,1.7006,1.6994,1.7094,1.7108,1.7055,1.6832,1.6835,1.6864,1.6864,1.6921,1.6883,1.7046,1.7104,1.7095,1.716,1.7273,1.7326,1.7608,1.7738,1.7728,1.7667,1.7744,1.7858,1.8021,1.8006,1.7951,1.8173,1.812,1.8499,1.842,1.8727,1.8903,1.8521,1.8939,1.8676,1.8479,1.853,1.8548,1.8405,1.8417,1.8547,1.838,1.8423,1.82,1.816,1.8194,1.8128,1.8008,1.8223,1.821,1.8043,1.7962,1.8181,1.82,1.7947,1.7991,1.7893,1.7956,1.7831,1.7705,1.8083,1.791,1.7839,1.782,1.7668,1.7808,1.7742,1.7983,1.8068,1.8145,1.8096,1.8004,1.7859,1.7949,1.787,1.789,1.7717,1.7719,1.7776,1.7863,1.7824,1.768,1.7532,1.751,1.7392,1.7291,1.7375,1.7357,1.753,1.7553,1.7471,1.7474,1.7395,1.742,1.7403,1.735
ZAR,15.7605,15.7264,15.6649,15.7398,15.7773,15.7496,15.9222,15.9465,15.9724,15.8166,15.7839,15.8081,15.9948,16.0274,16.0218,16.1229,16.0582,16.1045,16.0899,15.975,15.9503,15.8585,16.0431,16.1249,16.0719,16.2673,16.49,16.4806,16.3262,16.2246,16.3028,16.4204,16.4786,16.2331,16.1266,16.1313,16.1139,16.2095,16.2792,16.1425,16.2966,16.2965,16.3592,16.4649,16.4555,16.842,17.0961,17.4202,17.3245,16.9784,17.2746,17.8514,18.2898,18.1596,18.21,18.4447,17.9235,18.5602,18.2288,18.5624,18.68,18.5127,19.014,19.0754,18.8478,19.1484,19.3415,19.7286,19.6095,19.6619,20.177,20.2642,20.3534,19.9838,19.7624,19.6383,20.0255,20.4137,20.2373,20.3626,20.3486,20.5853,20.4413,20.5432,20.5019,20.4109,20.2913,19.9836,19.6572,20.3924,19.9018,20.0603,20.0698,19.997,19.96,19.7382,19.919,20.1637,20.0761,19.8913,19.9649,19.7503,19.6577,19.2476,19.2807,19.065,19.1477,19.1981,19.4239,19.3993,19.2755,19.0844,19.0059,19.0823,18.9799,18.8935,18.8376,19.1372,19.2794,19.322,19.2518,19.2289,19.5334,19.444,19.5077
USD,1.1075,1.108,1.1153,1.1189,1.1234,1.1193,1.1147,1.1194,1.1172,1.1115,1.111,1.1091,1.1126,1.1115,1.1142,1.1169,1.1108,1.1085,1.1115,1.1088,1.1091,1.1035,1.1025,1.1005,1.1001,1.1029,1.1052,1.1066,1.1048,1.1023,1.1003,1.0969,1.0951,1.0901,1.0914,1.0867,1.0842,1.0835,1.0816,1.08,1.079,1.0801,1.0818,1.084,1.0875,1.0964,1.0977,1.1122,1.1117,1.1125,1.1187,1.1336,1.1456,1.139,1.1336,1.124,1.1104,1.1157,1.0982,1.0934,1.0801,1.0707,1.0783,1.0843,1.0827,1.0981,1.0977,1.1034,1.0956,1.0936,1.0906,1.0785,1.0791,1.0885,1.0871,1.0867,1.0963,1.0903,1.0888,1.086,1.086,1.0837,1.0867,1.0772,1.08,1.0852,1.0877,1.0842,1.0876,1.0942,1.0843,1.0807,1.0783,1.0843,1.0824,1.0858,1.0875,1.0792,1.0798,1.0832,1.095,1.0958,1.1,1.0904,1.091,1.0975,1.0991,1.1016,1.1136,1.1116,1.1174,1.1194,1.125,1.133,1.1285,1.1294,1.1375,1.1348,1.1304,1.1253,1.1308,1.1232,1.1222,1.121,1.1213
MXN,21.0016,21.0106,21.0989,21.085,21.2202,21.1383,21.1433,21.1418,21.0852,20.9079,20.8637,20.8634,20.9084,20.9406,20.9542,20.9901,20.8338,20.694,20.8194,20.7417,20.7527,20.717,20.8715,20.7316,20.6109,20.6985,20.8044,20.8183,20.6722,20.4923,20.4852,20.5281,20.5466,20.3563,20.3274,20.2411,20.1606,20.1243,20.1596,20.069,20.1685,20.5183,20.7234,20.6185,20.806,21.2601,21.637,21.9963,21.6599,21.4105,22.0737,22.9958,24.3268,23.8739,23.9025,24.8028,23.7835,25.4478,25.0491,26.2014,26.2955,25.6864,26.613,26.9302,26.5704,26.0735,25.8329,26.246,26.1772,26.4097,26.4999,26.547,27.0896,26.4166,26.3367,26.0321,25.8485,26.0801,26.2939,26.0926,26.1086,26.3957,26.3895,26.3418,26.8331,27.0245,26.5269,26.1528,25.7953,26.8862,25.885,26.0485,26.0677,25.9023,25.9201,25.8251,26.2304,26.247,25.8966,25.6337,25.8567,25.6425,25.5043,25.045,24.7353,24.3102,24.5396,24.558,24.57,24.452,24.4448,24.2772,24.4761,24.6466,24.322,24.5766,24.8255,25.4183,25.445,25.4098,24.9681,24.9416,25.2628,25.3126,25.2313
ILS,3.8452,3.8464,3.8611,3.8749,3.8845,3.869,3.8766,3.8913,3.8731,3.8541,3.8556,3.8476,3.8604,3.8541,3.8561,3.8575,3.8372,3.8326,3.8405,3.8279,3.8336,3.81,3.8151,3.8033,3.8053,3.808,3.809,3.8135,3.813,3.7981,3.777,3.7585,3.7483,3.72,3.7325,3.7231,3.7177,3.7131,3.7028,3.6946,3.7009,3.6985,3.7208,3.7158,3.7429,3.7671,3.8052,3.8826,3.847,3.8451,3.8814,3.9576,4.0275,4.0147,4.0316,4.0909,4.0867,4.1795,4.2411,4.1654,3.9802,3.8683,3.9572,3.9379,3.9411,3.9585,3.9413,3.9544,3.9018,3.9015,3.9777,3.9267,3.9144,3.9178,3.9054,3.8919,3.928,3.9412,3.9082,3.8988,3.8783,3.8522,3.85,3.8207,3.7985,3.8109,3.808,3.8058,3.8069,3.8581,3.8193,3.7914,3.7881,3.8031,3.8072,3.807,3.819,3.8209,3.8178,3.8321,3.8601,3.8397,3.8659,3.8459,3.843,3.8543,3.8511,3.865,3.9065,3.8947,3.8864,3.8769,3.9068,3.9172,3.8911,3.8974,3.9045,3.9183,3.9189,3.9348,3.9244,3.8747,3.8811,3.862,3.8672
GBP,0.85708,0.85533,0.8513,0.85208,0.8508,0.84828,0.85115,0.85215,0.85183,0.84868,0.85285,0.8481,0.8576,0.85618,0.85683,0.8547,0.85105,0.85275,0.8503,0.84445,0.84498,0.84313,0.84358,0.84603,0.8458,0.84183,0.84175,0.84775,0.8488,0.84444,0.84835,0.8472,0.84628,0.84325,0.84058,0.83375,0.83208,0.83238,0.82985,0.83148,0.8384,0.8351,0.83833,0.8363,0.8415,0.84995,0.85315,0.87113,0.8701,0.8685,0.8667,0.87165,0.87383,0.87385,0.8769,0.88623,0.8907,0.90918,0.90823,0.9219,0.92985,0.91028,0.9297,0.921,0.91503,0.91348,0.89743,0.889,0.88643,0.8846,0.87738,0.8785,0.878,0.88093,0.87948,0.87565,0.87253,0.87385,0.87163,0.86978,0.87343,0.8812,0.8792,0.872,0.87498,0.87263,0.87078,0.87378,0.86905,0.87898,0.8706,0.87253,0.87478,0.87535,0.87875,0.87773,0.88245,0.88495,0.88738,0.89153,0.89535,0.89358,0.89943,0.89563,0.89515,0.88878,0.89595,0.89728,0.90088,0.89673,0.89083,0.89065,0.89685,0.89448,0.89173,0.8912,0.88963,0.89665,0.89653,0.89648,0.8937,0.89448,0.90028,0.90505,0.90328
KRW,1288.52,1287.71,1294.42,1294.35,1296.28,1298.24,1300.32,1308.83,1302.48,1297.37,1288.28,1286.0,1288.09,1285.74,1289.22,1293.87,1288.37,1286.08,1298.12,1290.57,1295.15,1289.12,1298.34,1297.2,1296.65,1315.0,1321.6,1319.12,1310.75,1302.97,1301.78,1309.78,1301.41,1290.63,1288.0,1286.02,1283.75,1282.7,1288.74,1284.75,1301.79,1309.45,1319.2,1315.68,1322.29,1327.83,1324.98,1325.85,1327.59,1314.96,1327.01,1351.63,1374.71,1357.12,1348.07,1359.4,1341.38,1373.34,1365.21,1377.8,1364.14,1335.64,1355.1,1346.65,1334.82,1336.46,1346.31,1351.52,1341.03,1346.48,1339.88,1332.82,1326.04,1319.39,1324.36,1322.49,1332.53,1330.54,1334.51,1321.53,1323.52,1335.34,1339.66,1326.8,1332.59,1328.82,1325.8,1321.59,1313.09,1340.0,1324.81,1323.48,1320.18,1322.41,1325.57,1326.17,1331.08,1329.17,1332.6,1332.42,1341.19,1345.71,1354.6,1353.51,1354.63,1352.23,1359.04,1363.76,1376.21,1364.44,1364.42,1364.09,1368.73,1365.57,1353.2,1353.3,1352.17,1359.18,1360.45,1366.08,1369.11,1362.21,1359.26,1353.53,1361.3
MYR,4.5878,4.5832,4.6034,4.5948,4.5953,4.5764,4.5725,4.594,4.5727,4.5588,4.5445,4.5212,4.5199,4.5288,4.5409,4.5377,4.5041,4.5022,4.5255,4.5078,4.514,4.4857,4.4822,4.4972,4.4884,4.5087,4.5297,4.5526,4.5424,4.5382,4.5349,4.5412,4.5425,4.5059,4.514,4.5006,4.4886,4.4911,4.4919,4.4955,4.5145,4.5294,4.5728,4.5886,4.5952,4.6164,4.6263,4.6751,4.6758,4.6491,4.6532,4.7294,4.8304,4.8265,4.8002,4.7944,4.7508,4.8092,4.7777,4.7793,4.7686,4.7052,4.793,4.804,4.7493,4.7603,4.7619,4.7806,4.733,4.7654,4.7524,4.7006,4.7097,4.7268,4.7274,4.7136,4.7508,4.7314,4.7655,4.7458,4.7507,4.7634,4.7437,4.6966,4.7093,4.725,4.7451,4.7136,4.6767,4.7226,4.6674,4.6713,4.6631,4.6994,4.6911,4.6977,4.704,4.6843,4.6982,4.732,4.7583,4.7684,4.7801,4.7569,4.7606,4.7889,4.7783,4.798,4.8414,4.8004,4.7797,4.7703,4.8077,4.8345,4.8159,4.8287,4.8361,4.8223,4.824,4.814,4.8342,4.8095,4.8008,4.7854,4.7997
EUR,1.0,1.0,1.0,1.0,1.0,1.0,1.0,1.0,1.0,1.0,1.0,1.0,1.0,1.0,1.0,1.0,1.0,1.0,1.0,1.0,1.0,1.0,1.0,1.0,1.0,1.0,1.0,1.0,1.0,1.0,1.0,1.0,1.0,1.0,1.0,1.0,1.0,1.0,1.0,1.0,1.0,1.0,1.0,1.0,1.0,1.0,1.0,1.0,1.0,1.0,1.0,1.0,1.0,1.0,1.0,1.0,1.0,1.0,1.0,1.0,1.0,1.0,1.0,1.0,1.0,1.0,1.0,1.0,1.0,1.0,1.0,1.0,1.0,1.0,1.0,1.0,1.0,1.0,1.0,1.0,1.0,1.0,1.0,1.0,1.0,1.0,1.0,1.0,1.0,1.0,1.0,1.0,1.0,1.0,1.0,1.0,1.0,1.0,1.0,1.0,1.0,1.0,1.0,1.0,1.0,1.0,1.0,1.0,1.0,1.0,1.0,1.0,1.0,1.0,1.0,1.0,1.0,1.0,1.0,1.0,1.0,1.0,1.0,1.0,1.0
